EventID,Peril,Region,Rate,MeanLoss,SDev,ExposureValue
377026,FL,HOU,0.001042,10000000,3500000,50968000
721072,HU,HOU,0.000833,6927447,2424606,50968000
721033,HU,HOU,0.000833,6413843,2244845,50968000
721131,HU,HOU,0.000833,6235117,2182291,50968000
721086,HU,HOU,0.000833,4672162,1635257,50968000
601160,HU,CHS,0.000833,4628192,1619867,9951000
721106,HU,HOU,0.000833,2759132,965696,50968000
377008,FL,HOU,0.001042,2671008,934853,50968000
601105,HU,CHS,0.000833,2200117,770041,9951000
377034,FL,HOU,0.001042,1877428,657100,50968000
721190,HU,HOU,0.000833,1806420,632247,50968000
601080,HU,CHS,0.000833,1795153,628304,9951000
721055,HU,HOU,0.000833,1723751,603313,50968000
377195,FL,HOU,0.001042,1655783,579524,50968000
377058,FL,HOU,0.001042,1567730,548705,50968000
721066,HU,HOU,0.000833,1449428,507300,50968000
377101,FL,HOU,0.001042,1370723,479753,50968000
721077,HU,HOU,0.000833,1298601,454510,50968000
377204,FL,HOU,0.001042,1287144,450501,50968000
377197,FL,HOU,0.001042,1274303,446006,50968000
377097,FL,HOU,0.001042,1086427,380249,50968000
314140,FL,CHS,0.001042,953822,333838,9951000
377190,FL,HOU,0.001042,800815,280285,50968000
377124,FL,HOU,0.001042,763238,267133,50968000
377229,FL,HOU,0.001042,637747,223212,50968000
377107,FL,HOU,0.001042,599457,209810,50968000
377230,FL,HOU,0.001042,595387,208386,50968000
721105,HU,HOU,0.000833,582452,203858,50968000
377137,FL,HOU,0.001042,580894,203313,50968000
377136,FL,HOU,0.001042,579392,202787,50968000
721092,HU,HOU,0.000833,572920,200522,50968000
377099,FL,HOU,0.001042,567951,198783,50968000
377219,FL,HOU,0.001042,544877,190707,50968000
377159,FL,HOU,0.001042,536275,187696,50968000
377102,FL,HOU,0.001042,535669,187484,50968000
377140,FL,HOU,0.001042,513458,179710,50968000
377100,FL,HOU,0.001042,488564,170997,50968000
377022,FL,HOU,0.001042,478738,167558,50968000
377183,FL,HOU,0.001042,421753,147614,50968000
377235,FL,HOU,0.001042,414932,145226,50968000
377011,FL,HOU,0.001042,411371,143980,50968000
721013,HU,HOU,0.000833,389120,136192,50968000
377075,FL,HOU,0.001042,368546,128991,50968000
377231,FL,HOU,0.001042,354922,124223,50968000
377009,FL,HOU,0.001042,352810,123483,50968000
377010,FL,HOU,0.001042,347908,121768,50968000
377005,FL,HOU,0.001042,299139,104699,50968000
377178,FL,HOU,0.001042,292903,102516,50968000
377210,FL,HOU,0.001042,292652,102428,50968000
314238,FL,CHS,0.001042,282818,98986,9951000
601173,HU,CHS,0.000833,281863,98652,9951000
377133,FL,HOU,0.001042,279560,97846,50968000
377160,FL,HOU,0.001042,275283,96349,50968000
377002,FL,HOU,0.001042,274743,96160,50968000
377062,FL,HOU,0.001042,272763,95467,50968000
377096,FL,HOU,0.001042,269490,94321,50968000
377037,FL,HOU,0.001042,263310,92158,50968000
377091,FL,HOU,0.001042,262235,91782,50968000
377151,FL,HOU,0.001042,254797,89179,50968000
377032,FL,HOU,0.001042,247248,86537,50968000
377116,FL,HOU,0.001042,246055,86119,50968000
377111,FL,HOU,0.001042,245643,85975,50968000
377030,FL,HOU,0.001042,240593,84208,50968000
377196,FL,HOU,0.001042,229316,80260,50968000
377209,FL,HOU,0.001042,228851,80098,50968000
377014,FL,HOU,0.001042,228690,80042,50968000
377086,FL,HOU,0.001042,216104,75636,50968000
377207,FL,HOU,0.001042,214348,75022,50968000
377095,FL,HOU,0.001042,202746,70961,50968000
377109,FL,HOU,0.001042,189089,66181,50968000
377193,FL,HOU,0.001042,187096,65484,50968000
377225,FL,HOU,0.001042,179950,62982,50968000
377069,FL,HOU,0.001042,179732,62906,50968000
377013,FL,HOU,0.001042,168034,58812,50968000
377085,FL,HOU,0.001042,166346,58221,50968000
377132,FL,HOU,0.001042,164486,57570,50968000
377142,FL,HOU,0.001042,161225,56429,50968000
377215,FL,HOU,0.001042,155306,54357,50968000
377088,FL,HOU,0.001042,149013,52155,50968000
377082,FL,HOU,0.001042,147825,51739,50968000
163047,SCS,HOU,0.009167,143118,50091,50968000
377017,FL,HOU,0.001042,142527,49884,50968000
377237,FL,HOU,0.001042,141997,49699,50968000
377006,FL,HOU,0.001042,140069,49024,50968000
377128,FL,HOU,0.001042,137008,47953,50968000
377007,FL,HOU,0.001042,132937,46528,50968000
377060,FL,HOU,0.001042,132265,46293,50968000
377043,FL,HOU,0.001042,132175,46261,50968000
377087,FL,HOU,0.001042,129882,45459,50968000
377222,FL,HOU,0.001042,129834,45442,50968000
377181,FL,HOU,0.001042,128003,44801,50968000
377147,FL,HOU,0.001042,124309,43508,50968000
377051,FL,HOU,0.001042,122583,42904,50968000
377166,FL,HOU,0.001042,119988,41996,50968000
377045,FL,HOU,0.001042,119366,41778,50968000
377184,FL,HOU,0.001042,119126,41694,50968000
377044,FL,HOU,0.001042,113041,39564,50968000
377098,FL,HOU,0.001042,111638,39073,50968000
377220,FL,HOU,0.001042,111433,39002,50968000
377047,FL,HOU,0.001042,111157,38905,50968000
377050,FL,HOU,0.001042,108511,37979,50968000
377172,FL,HOU,0.001042,108433,37951,50968000
601209,HU,CHS,0.000833,105853,37049,9951000
377110,FL,HOU,0.001042,100139,35049,50968000
377194,FL,HOU,0.001042,97842,34245,50968000
377104,FL,HOU,0.001042,97477,34117,50968000
721127,HU,HOU,0.000833,96551,33793,50968000
377052,FL,HOU,0.001042,96088,33631,50968000
377119,FL,HOU,0.001042,95846,33546,50968000
377127,FL,HOU,0.001042,91029,31860,50968000
377067,FL,HOU,0.001042,90763,31767,50968000
377192,FL,HOU,0.001042,89502,31326,50968000
377042,FL,HOU,0.001042,89424,31298,50968000
377070,FL,HOU,0.001042,89326,31264,50968000
377176,FL,HOU,0.001042,89301,31255,50968000
377003,FL,HOU,0.001042,89085,31180,50968000
377155,FL,HOU,0.001042,88160,30856,50968000
314072,FL,CHS,0.001042,87048,30467,9951000
377063,FL,HOU,0.001042,86525,30284,50968000
377118,FL,HOU,0.001042,85027,29759,50968000
377143,FL,HOU,0.001042,84467,29563,50968000
377090,FL,HOU,0.001042,80573,28200,50968000
377164,FL,HOU,0.001042,80287,28101,50968000
377077,FL,HOU,0.001042,75444,26406,50968000
377054,FL,HOU,0.001042,74811,26184,50968000
377023,FL,HOU,0.001042,74605,26112,50968000
314180,FL,CHS,0.001042,73989,25896,9951000
377158,FL,HOU,0.001042,72770,25470,50968000
601120,HU,CHS,0.000833,71845,25146,9951000
721144,HU,HOU,0.000833,71818,25136,50968000
377205,FL,HOU,0.001042,71604,25061,50968000
163067,SCS,HOU,0.009167,69689,24391,50968000
377185,FL,HOU,0.001042,65463,22912,50968000
377162,FL,HOU,0.001042,64550,22592,50968000
377084,FL,HOU,0.001042,64129,22445,50968000
377198,FL,HOU,0.001042,63303,22156,50968000
377161,FL,HOU,0.001042,62698,21944,50968000
377228,FL,HOU,0.001042,61829,21640,50968000
377165,FL,HOU,0.001042,61665,21583,50968000
377218,FL,HOU,0.001042,60064,21022,50968000
377049,FL,HOU,0.001042,59900,20965,50968000
377015,FL,HOU,0.001042,59243,20735,50968000
377038,FL,HOU,0.001042,58531,20486,50968000
377040,FL,HOU,0.001042,56701,19845,50968000
377121,FL,HOU,0.001042,56215,19675,50968000
377066,FL,HOU,0.001042,55872,19555,50968000
377012,FL,HOU,0.001042,55527,19434,50968000
377179,FL,HOU,0.001042,55180,19313,50968000
377157,FL,HOU,0.001042,54104,18937,50968000
377216,FL,HOU,0.001042,53993,18898,50968000
377139,FL,HOU,0.001042,53802,18831,50968000
377232,FL,HOU,0.001042,51838,18143,50968000
163164,SCS,HOU,0.009167,49557,17345,50968000
377177,FL,HOU,0.001042,47536,16638,50968000
377211,FL,HOU,0.001042,47271,16545,50968000
377078,FL,HOU,0.001042,46876,16406,50968000
163056,SCS,HOU,0.009167,45273,15846,50968000
163236,SCS,HOU,0.009167,43165,15108,50968000
377203,FL,HOU,0.001042,42989,15046,50968000
377191,FL,HOU,0.001042,40344,14121,50968000
314184,FL,CHS,0.001042,36928,12925,9951000
314000,FL,CHS,0.001042,36630,12820,9951000
377074,FL,HOU,0.001042,36118,12641,50968000
377129,FL,HOU,0.001042,35001,12250,50968000
377145,FL,HOU,0.001042,34290,12002,50968000
377072,FL,HOU,0.001042,34050,11917,50968000
377201,FL,HOU,0.001042,33689,11791,50968000
377036,FL,HOU,0.001042,33259,11641,50968000
163024,SCS,HOU,0.009167,32449,11357,50968000
163216,SCS,HOU,0.009167,32287,11301,50968000
314208,FL,CHS,0.001042,32129,11245,9951000
377212,FL,HOU,0.001042,31974,11191,50968000
377001,FL,HOU,0.001042,31130,10896,50968000
314040,FL,CHS,0.001042,30819,10787,9951000
314088,FL,CHS,0.001042,30668,10734,9951000
314073,FL,CHS,0.001042,29768,10419,9951000
163061,SCS,HOU,0.009167,29465,10313,50968000
377031,FL,HOU,0.001042,28318,9911,50968000
163081,SCS,HOU,0.009167,28104,9836,50968000
377156,FL,HOU,0.001042,27331,9566,50968000
377028,FL,HOU,0.001042,27141,9499,50968000
377141,FL,HOU,0.001042,27051,9468,50968000
377186,FL,HOU,0.001042,26131,9146,50968000
163194,SCS,HOU,0.009167,26120,9142,50968000
377055,FL,HOU,0.001042,25996,9099,50968000
377021,FL,HOU,0.001042,25119,8792,50968000
314014,FL,CHS,0.001042,24758,8665,9951000
314112,FL,CHS,0.001042,24477,8567,9951000
163211,SCS,HOU,0.009167,24433,8552,50968000
377153,FL,HOU,0.001042,23774,8321,50968000
314119,FL,CHS,0.001042,23433,8201,9951000
377233,FL,HOU,0.001042,23204,8121,50968000
163026,SCS,HOU,0.009167,23124,8093,50968000
377076,FL,HOU,0.001042,22790,7976,50968000
377094,FL,HOU,0.001042,22637,7923,50968000
377206,FL,HOU,0.001042,22430,7850,50968000
163182,SCS,HOU,0.009167,22076,7726,50968000
377108,FL,HOU,0.001042,22035,7712,50968000
377148,FL,HOU,0.001042,21958,7685,50968000
163044,SCS,HOU,0.009167,21835,7642,50968000
377223,FL,HOU,0.001042,21713,7599,50968000
377120,FL,HOU,0.001042,21199,7420,50968000
377170,FL,HOU,0.001042,21162,7407,50968000
163109,SCS,HOU,0.009167,20670,7234,50968000
314094,FL,CHS,0.001042,19856,6950,9951000
377083,FL,HOU,0.001042,19614,6865,50968000
314032,FL,CHS,0.001042,19527,6834,9951000
377168,FL,HOU,0.001042,19403,6791,50968000
377089,FL,HOU,0.001042,19160,6706,50968000
163009,SCS,HOU,0.009167,18972,6640,50968000
377115,FL,HOU,0.001042,18868,6604,50968000
314234,FL,CHS,0.001042,18866,6603,9951000
377092,FL,HOU,0.001042,18596,6508,50968000
377113,FL,HOU,0.001042,18556,6495,50968000
314203,FL,CHS,0.001042,18337,6418,9951000
377041,FL,HOU,0.001042,18134,6347,50968000
377144,FL,HOU,0.001042,17946,6281,50968000
377103,FL,HOU,0.001042,17670,6184,50968000
163231,SCS,HOU,0.009167,17559,6146,50968000
377105,FL,HOU,0.001042,17515,6130,50968000
377169,FL,HOU,0.001042,17319,6062,50968000
163012,SCS,HOU,0.009167,16877,5907,50968000
377152,FL,HOU,0.001042,16711,5849,50968000
377217,FL,HOU,0.001042,16638,5823,50968000
377200,FL,HOU,0.001042,16520,5782,50968000
377208,FL,HOU,0.001042,16044,5616,50968000
314029,FL,CHS,0.001042,15800,5530,9951000
568210,SCS,CHS,0.009167,15622,5468,9951000
163163,SCS,HOU,0.009167,15293,5353,50968000
163085,SCS,HOU,0.009167,15110,5288,50968000
377048,FL,HOU,0.001042,14129,4945,50968000
377046,FL,HOU,0.001042,14089,4931,50968000
163204,SCS,HOU,0.009167,13903,4866,50968000
163097,SCS,HOU,0.009167,13810,4834,50968000
314173,FL,CHS,0.001042,13635,4772,9951000
314166,FL,CHS,0.001042,13365,4678,9951000
163199,SCS,HOU,0.009167,12680,4438,50968000
163217,SCS,HOU,0.009167,12571,4400,50968000
377134,FL,HOU,0.001042,12438,4353,50968000
568088,SCS,CHS,0.009167,11935,4177,9951000
377236,FL,HOU,0.001042,11903,4166,50968000
163007,SCS,HOU,0.009167,11755,4114,50968000
377182,FL,HOU,0.001042,11692,4092,50968000
163158,SCS,HOU,0.009167,11679,4088,50968000
163154,SCS,HOU,0.009167,11659,4081,50968000
377039,FL,HOU,0.001042,11458,4010,50968000
314121,FL,CHS,0.001042,11199,3920,9951000
163082,SCS,HOU,0.009167,11195,3918,50968000
163076,SCS,HOU,0.009167,11090,3881,50968000
314187,FL,CHS,0.001042,10947,3831,9951000
314149,FL,CHS,0.001042,10828,3790,9951000
314223,FL,CHS,0.001042,10426,3649,9951000
314170,FL,CHS,0.001042,10400,3640,9951000
163196,SCS,HOU,0.009167,10352,3623,50968000
377180,FL,HOU,0.001042,10330,3615,50968000
377234,FL,HOU,0.001042,10018,3506,50968000
314030,FL,CHS,0.001042,9788,3426,9951000
163173,SCS,HOU,0.009167,9172,3210,50968000
163170,SCS,HOU,0.009167,8888,3111,50968000
377175,FL,HOU,0.001042,8780,3073,50968000
163042,SCS,HOU,0.009167,8746,3061,50968000
377073,FL,HOU,0.001042,8418,2946,50968000
163186,SCS,HOU,0.009167,8276,2897,50968000
314117,FL,CHS,0.001042,7846,2746,9951000
314221,FL,CHS,0.001042,7832,2741,9951000
314224,FL,CHS,0.001042,7775,2721,9951000
163112,SCS,HOU,0.009167,7654,2679,50968000
377079,FL,HOU,0.001042,7354,2574,50968000
163116,SCS,HOU,0.009167,7189,2516,50968000
314057,FL,CHS,0.001042,6417,2246,9951000
314199,FL,CHS,0.001042,6416,2246,9951000
314190,FL,CHS,0.001042,6371,2230,9951000
314171,FL,CHS,0.001042,6235,2182,9951000
163141,SCS,HOU,0.009167,6221,2177,50968000
601191,HU,CHS,0.000833,6216,2176,9951000
163031,SCS,HOU,0.009167,6209,2173,50968000
163002,SCS,HOU,0.009167,6201,2170,50968000
377018,FL,HOU,0.001042,6150,2153,50968000
568081,SCS,CHS,0.009167,5854,2049,9951000
377016,FL,HOU,0.001042,5737,2008,50968000
163098,SCS,HOU,0.009167,5718,2001,50968000
314006,FL,CHS,0.001042,5503,1926,9951000
163100,SCS,HOU,0.009167,5464,1912,50968000
314011,FL,CHS,0.001042,5290,1851,9951000
163074,SCS,HOU,0.009167,5183,1814,50968000
314060,FL,CHS,0.001042,5162,1807,9951000
377033,FL,HOU,0.001042,5097,1784,50968000
377149,FL,HOU,0.001042,5089,1781,50968000
163187,SCS,HOU,0.009167,5057,1770,50968000
314219,FL,CHS,0.001042,5053,1768,9951000
314178,FL,CHS,0.001042,5046,1766,9951000
314156,FL,CHS,0.001042,4954,1734,9951000
377189,FL,HOU,0.001042,4885,1710,50968000
377226,FL,HOU,0.001042,4727,1654,50968000
314055,FL,CHS,0.001042,4566,1598,9951000
314125,FL,CHS,0.001042,4493,1573,9951000
163203,SCS,HOU,0.009167,4325,1514,50968000
314232,FL,CHS,0.001042,4214,1475,9951000
163126,SCS,HOU,0.009167,4175,1461,50968000
314164,FL,CHS,0.001042,4081,1428,9951000
314197,FL,CHS,0.001042,4006,1402,9951000
314062,FL,CHS,0.001042,3989,1396,9951000
163113,SCS,HOU,0.009167,3982,1394,50968000
377081,FL,HOU,0.001042,3940,1379,50968000
377106,FL,HOU,0.001042,3904,1366,50968000
163232,SCS,HOU,0.009167,3884,1360,50968000
377004,FL,HOU,0.001042,3873,1356,50968000
314105,FL,CHS,0.001042,3872,1355,9951000
377019,FL,HOU,0.001042,3772,1320,50968000
314150,FL,CHS,0.001042,3658,1280,9951000
163228,SCS,HOU,0.009167,3590,1257,50968000
163071,SCS,HOU,0.009167,3432,1201,50968000
314038,FL,CHS,0.001042,3416,1196,9951000
377173,FL,HOU,0.001042,3375,1181,50968000
377146,FL,HOU,0.001042,3290,1152,50968000
314192,FL,CHS,0.001042,3274,1146,9951000
163230,SCS,HOU,0.009167,2934,1027,50968000
314131,FL,CHS,0.001042,2850,998,9951000
163153,SCS,HOU,0.009167,2749,962,50968000
314195,FL,CHS,0.001042,2672,935,9951000
377114,FL,HOU,0.001042,2555,894,50968000
163167,SCS,HOU,0.009167,2533,887,50968000
314159,FL,CHS,0.001042,2419,847,9951000
377057,FL,HOU,0.001042,2259,791,50968000
163079,SCS,HOU,0.009167,2180,763,50968000
377093,FL,HOU,0.001042,2162,757,50968000
163125,SCS,HOU,0.009167,2062,722,50968000
163036,SCS,HOU,0.009167,2015,705,50968000
163064,SCS,HOU,0.009167,1908,668,50968000
314228,FL,CHS,0.001042,1833,641,9951000
314215,FL,CHS,0.001042,1679,587,9951000
377029,FL,HOU,0.001042,1628,570,50968000
163117,SCS,HOU,0.009167,1608,563,50968000
377238,FL,HOU,0.001042,1580,553,50968000
163193,SCS,HOU,0.009167,1433,502,50968000
568221,SCS,CHS,0.009167,1397,489,9951000
163143,SCS,HOU,0.009167,1156,405,50968000
314001,FL,CHS,0.001042,1155,404,9951000
314148,FL,CHS,0.001042,1133,397,9951000
163160,SCS,HOU,0.009167,947,331,50968000
314213,FL,CHS,0.001042,818,286,9951000
163015,SCS,HOU,0.009167,739,259,50968000
377131,FL,HOU,0.001042,678,237,50968000
163091,SCS,HOU,0.009167,564,198,50968000
377122,FL,HOU,0.001042,500,175,50968000
163149,SCS,HOU,0.009167,340,119,50968000
377138,FL,HOU,0.001042,236,83,50968000
314189,FL,CHS,0.001042,207,72,9951000
377239,FL,HOU,0.001042,168,59,50968000
314136,FL,CHS,0.001042,140,49,9951000
377214,FL,HOU,0.001042,132,46,50968000
163135,SCS,HOU,0.009167,77,27,50968000
377000,FL,HOU,0.001042,77,27,50968000
377171,FL,HOU,0.001042,35,12,50968000
314077,FL,CHS,0.001042,28,10,9951000
314118,FL,CHS,0.001042,7,2,9951000
