EventID,Peril,Rate,MeanLoss,SDi,SDc,ExpValue
100000,WS,0.0002520,1314357,788614,394307,5257428
100013,WS,0.0012030,138744,83246,41623,554977
100026,WS,0.0003775,3279045,1967427,983713,13116179
100039,FL,0.0002092,1211380,726828,363414,4845522
100052,EQ,0.0008709,534130,320478,160239,2136519
100065,SCS,0.0080279,13684,8210,4105,54735
100078,WF,0.0004992,562964,337778,168889,2251854
100091,WS,0.0005514,38305,22983,11491,153219
100104,WS,0.0002416,1595848,957509,478754,6383391
100117,WS,0.0002186,205411,123247,61623,821645
100130,FL,0.0000596,506909,304146,152073,2027637
100143,EQ,0.0001932,439716,263829,131915,1758863
100156,SCS,0.0002411,3270645,1962387,981194,13082582
100169,WF,0.0001686,439481,263689,131844,1757923
100182,WS,0.0006388,113502,68101,34051,454009
100195,WS,0.0016054,5575635,3345381,1672690,22302539
100208,WS,0.0002813,164794,98876,49438,659176
100221,FL,0.0003917,167691,100615,50307,670764
100234,EQ,0.0021035,2453639,1472184,736092,9814557
100247,SCS,0.0001964,1710455,1026273,513137,6841820
100260,WF,0.0016984,679914,407949,203974,2719657
100273,WS,0.0003240,329701,197821,98910,1318804
100286,WS,0.0003367,461771,277062,138531,1847083
100299,WS,0.0005146,470177,282106,141053,1880709
100312,FL,0.0001083,780682,468409,234205,3122728
100325,EQ,0.0002761,4691676,2815006,1407503,18766704
100338,SCS,0.0006536,51625,30975,15487,206499
100351,WF,0.0020556,801601,480960,240480,3206403
100364,WS,0.0007797,160464,96279,48139,641858
100377,WS,0.0003031,5599042,3359425,1679713,22396168
100390,WS,0.0001526,186429,111858,55929,745717
100403,FL,0.0002614,413766,248260,124130,1655065
100416,EQ,0.0002632,5461106,3276664,1638332,21844425
100429,SCS,0.0005723,287790,172674,86337,1151159
100442,WF,0.0004305,186255,111753,55877,745022
100455,WS,0.0000343,69599,41759,20880,278396
100468,WS,0.0000896,4475235,2685141,1342570,17900939
100481,WS,0.0005480,236084,141650,70825,944335
100494,FL,0.0011305,862040,517224,258612,3448161
100507,EQ,0.0003626,10024687,6014812,3007406,40098747
100520,SCS,0.0022548,757930,454758,227379,3031720
100533,WF,0.0011806,586898,352139,176069,2347590
100546,WS,0.0114094,2870816,1722490,861245,11483266
100559,WS,0.0035465,1077458,646475,323237,4309833
100572,WS,0.0002921,744414,446649,223324,2977658
100585,FL,0.0007467,3105317,1863190,931595,12421268
100598,EQ,0.0001183,1272914,763749,381874,5091658
100611,SCS,0.0003051,701888,421133,210567,2807554
100624,WF,0.0014784,343678,206207,103103,1374711
100637,WS,0.0010012,29644,17786,8893,118576
100650,WS,0.0002874,53484,32090,16045,213935
100663,WS,0.0013493,1442720,865632,432816,5770880
100676,FL,0.0001476,639512,383707,191854,2558048
100689,EQ,0.0002361,2643124,1585874,792937,10572496
100702,SCS,0.0014365,233550,140130,70065,934201
100715,WF,0.0007427,1150996,690597,345299,4603983
100728,WS,0.0004938,434394,260636,130318,1737576
100741,WS,0.0015164,608870,365322,182661,2435480
100754,WS,0.0001841,5145393,3087236,1543618,20581572
100767,FL,0.0000615,326062,195637,97819,1304248
100780,EQ,0.0001759,212911,127746,63873,851642
100793,SCS,0.0004865,85903,51542,25771,343613
100806,WF,0.0005725,2643671,1586203,793101,10574685
100819,WS,0.0004980,1412018,847211,423605,5648070
100832,WS,0.0005888,864337,518602,259301,3457347
100845,WS,0.0003790,538757,323254,161627,2155026
100858,FL,0.0000898,376459,225875,112938,1505835
100871,EQ,0.0005110,100278,60167,30084,401114
100884,SCS,0.0006199,98191,58915,29457,392764
100897,WF,0.0007290,725203,435122,217561,2900812
100910,WS,0.0006884,1105773,663464,331732,4423094
100923,WS,0.0002850,481570,288942,144471,1926281
100936,WS,0.0005080,4465807,2679484,1339742,17863229
100949,FL,0.0003752,561078,336647,168323,2244312
100962,EQ,0.0002341,622667,373600,186800,2490668
100975,SCS,0.0002715,1057791,634675,317337,4231165
100988,WF,0.0000537,2398347,1439008,719504,9593387
101001,WS,0.0007076,313651,188191,94095,1254605
101014,WS,0.0001222,98599,59159,29580,394395
101027,WS,0.0002517,162111,97267,48633,648444
101040,FL,0.0000948,919031,551418,275709,3676122
101053,EQ,0.0014603,890551,534331,267165,3562205
101066,SCS,0.0003127,1913919,1148351,574176,7655674
101079,WF,0.0001311,1781638,1068983,534492,7126553
101092,WS,0.0012300,2153433,1292060,646030,8613734
101105,WS,0.0000891,9983050,5989830,2994915,39932200
101118,WS,0.0001477,118990,71394,35697,475961
101131,FL,0.0011068,1205326,723196,361598,4821304
101144,EQ,0.0010958,373720,224232,112116,1494880
101157,SCS,0.0011320,591928,355157,177579,2367714
101170,WF,0.0008095,1826377,1095826,547913,7305509
101183,WS,0.0005918,893093,535856,267928,3572373
101196,WS,0.0014502,56052,33631,16816,224208
101209,WS,0.0001984,400415,240249,120125,1601662
101222,FL,0.0004790,1019929,611958,305979,4079717
101235,EQ,0.0008233,4713257,2827954,1413977,18853029
101248,SCS,0.0010223,355921,213553,106776,1423685
101261,WF,0.0032753,2820752,1692451,846225,11283006
101274,WS,0.0010786,964536,578722,289361,3858145
101287,WS,0.0037740,201719,121032,60516,806877
101300,WS,0.0004102,202094,121257,60628,808377
101313,FL,0.0002472,4088768,2453261,1226630,16355072
101326,EQ,0.0016780,2827866,1696719,848360,11311463
101339,SCS,0.0000580,117096,70258,35129,468386
101352,WF,0.0002671,12948,7769,3884,51791
101365,WS,0.0011519,323235,193941,96971,1292940
101378,WS,0.0001440,1583485,950091,475046,6333941
101391,WS,0.0035458,806281,483769,241884,3225126
101404,FL,0.0018473,3314670,1988802,994401,13258679
101417,EQ,0.0003539,340400,204240,102120,1361598
101430,SCS,0.0013974,251587,150952,75476,1006349
101443,WF,0.0001014,213013,127808,63904,852051
101456,WS,0.0003889,1467417,880450,440225,5869668
101469,WS,0.0001234,388598,233159,116580,1554394
101482,WS,0.0012833,16021562,9612937,4806469,64086248
101495,FL,0.0002373,1724731,1034838,517419,6898922
101508,EQ,0.0006615,666828,400097,200048,2667312
101521,SCS,0.0001306,530477,318286,159143,2121910
101534,WF,0.0003286,1884165,1130499,565249,7536659
101547,WS,0.0001950,441947,265168,132584,1767787
101560,WS,0.0039751,679942,407965,203982,2719766
101573,WS,0.0005092,689406,413643,206822,2757622
101586,FL,0.0024335,325884,195531,97765,1303537
101599,EQ,0.0010048,1038171,622903,311451,4152683
101612,SCS,0.0003052,396542,237925,118963,1586168
101625,WF,0.0006860,17511,10506,5253,70043
101638,WS,0.0007128,1005633,603380,301690,4022533
101651,WS,0.0003500,12936658,7761995,3880997,51746630
101664,WS,0.0016433,35554,21333,10666,142218
101677,FL,0.0003517,451231,270739,135369,1804925
101690,EQ,0.0044394,1188181,712908,356454,4752723
101703,SCS,0.0024742,852585,511551,255775,3410340
101716,WF,0.0015733,342921,205753,102876,1371684
101729,WS,0.0026799,432017,259210,129605,1728066
101742,WS,0.0001124,4166759,2500055,1250028,16667036
101755,WS,0.0001609,43175,25905,12952,172699
101768,FL,0.0001552,919127,551476,275738,3676508
101781,EQ,0.0008178,9215742,5529445,2764723,36862968
101794,SCS,0.0002304,324482,194689,97345,1297929
101807,WF,0.0010044,1528217,916930,458465,6112870
101820,WS,0.0002757,197385,118431,59215,789539
101833,WS,0.0016160,652895,391737,195869,2611581
101846,WS,0.0001919,1824525,1094715,547357,7298099
101859,FL,0.0004411,699770,419862,209931,2799079
101872,EQ,0.0012856,562858,337715,168857,2251431
101885,SCS,0.0002279,184144,110486,55243,736576
101898,WF,0.0002277,52609,31565,15783,210434
101911,WS,0.0014341,1113313,667988,333994,4453253
101924,WS,0.0002122,15608,9365,4682,62431
101937,WS,0.0007329,966975,580185,290092,3867898
101950,FL,0.0009589,442260,265356,132678,1769042
101963,EQ,0.0005959,1278362,767017,383509,5113449
101976,SCS,0.0008566,349118,209471,104735,1396472
101989,WF,0.0006426,168271,100962,50481,673083
102002,WS,0.0032559,89008,53405,26702,356031
102015,WS,0.0002869,916935,550161,275081,3667741
102028,WS,0.0121680,362449,217470,108735,1449797
102041,FL,0.0021113,344198,206519,103260,1376794
102054,EQ,0.0003262,377652,226591,113296,1510610
102067,SCS,0.0006933,244762,146857,73429,979048
102080,WF,0.0002713,41459,24875,12438,165835
102093,WS,0.0001846,446579,267948,133974,1786318
102106,WS,0.0002437,721627,432976,216488,2886507
102119,WS,0.0012041,568247,340948,170474,2272989
102132,FL,0.0002076,345044,207026,103513,1380174
102145,EQ,0.0014357,523871,314323,157161,2095484
102158,SCS,0.0001077,1215977,729586,364793,4863907
102171,WF,0.0008562,612209,367326,183663,2448837
102184,WS,0.0015204,329831,197899,98949,1319324
102197,WS,0.0000667,519656,311793,155897,2078623
102210,WS,0.0003352,3462987,2077792,1038896,13851949
102223,FL,0.0001530,2367532,1420519,710259,9470126
102236,EQ,0.0013444,1180393,708236,354118,4721571
102249,SCS,0.0017245,2581172,1548703,774352,10324687
102262,WF,0.0031329,2957271,1774362,887181,11829082
102275,WS,0.0008506,233390,140034,70017,933559
102288,WS,0.0005001,43480,26088,13044,173920
102301,WS,0.0007700,1104062,662437,331219,4416247
102314,FL,0.0005995,272721,163633,81816,1090886
102327,EQ,0.0002909,980280,588168,294084,3921120
102340,SCS,0.0002823,55800,33480,16740,223202
102353,WF,0.0003373,70913,42548,21274,283654
102366,WS,0.0006296,314233,188540,94270,1256931
102379,WS,0.0003409,136368,81821,40910,545473
102392,WS,0.0002004,2941355,1764813,882406,11765419
102405,FL,0.0004720,107488,64493,32246,429951
102418,EQ,0.0004654,7112579,4267547,2133774,28450314
102431,SCS,0.0008080,689474,413685,206842,2757897
102444,WF,0.0009163,158483,95090,47545,633933
102457,WS,0.0002252,2274890,1364934,682467,9099562
102470,WS,0.0015637,1744318,1046591,523295,6977272
102483,WS,0.0024099,356069,213642,106821,1424278
102496,FL,0.0006801,2332726,1399636,699818,9330903
102509,EQ,0.0017818,170393,102236,51118,681571
102522,SCS,0.0009964,183995,110397,55199,735982
102535,WF,0.0007045,71142,42685,21343,284567
102548,WS,0.0024156,64682,38809,19405,258729
102561,WS,0.0007270,1303276,781965,390983,5213102
102574,WS,0.0004193,365980,219588,109794,1463921
102587,FL,0.0028074,78653,47192,23596,314610
102600,EQ,0.0008202,219565,131739,65870,878260
102613,SCS,0.0021424,462348,277409,138705,1849394
102626,WF,0.0005018,981015,588609,294304,3924059
102639,WS,0.0017282,1786278,1071767,535883,7145111
102652,WS,0.0004962,417518,250511,125256,1670074
102665,WS,0.0005833,3707154,2224292,1112146,14828616
102678,FL,0.0001673,608080,364848,182424,2432322
102691,EQ,0.0001962,940209,564126,282063,3760837
102704,SCS,0.0021529,809058,485435,242717,3236231
102717,WF,0.0012795,389847,233908,116954,1559390
102730,WS,0.0114413,461871,277123,138561,1847485
102743,WS,0.0004171,489703,293822,146911,1958813
102756,WS,0.0008703,784979,470987,235494,3139916
102769,FL,0.0005292,648918,389351,194675,2595673
102782,EQ,0.0004537,50422,30253,15126,201686
102795,SCS,0.0001636,454547,272728,136364,1818187
102808,WF,0.0007367,1771065,1062639,531320,7084262
102821,WS,0.0040868,1024031,614418,307209,4096123
102834,WS,0.0051809,557831,334699,167349,2231324
102847,WS,0.0007939,36904,22143,11071,147617
102860,FL,0.0007619,274407,164644,82322,1097626
102873,EQ,0.0004285,876052,525631,262816,3504208
102886,SCS,0.0002865,233991,140395,70197,935963
102899,WF,0.0008528,355859,213515,106758,1423435
102912,WS,0.0012888,283656,170194,85097,1134625
102925,WS,0.0017606,552413,331448,165724,2209653
102938,WS,0.0004919,1261158,756695,378347,5044633
102951,FL,0.0003646,678215,406929,203465,2712861
102964,EQ,0.0003683,2344815,1406889,703445,9379260
102977,SCS,0.0004141,524026,314415,157208,2096102
102990,WF,0.0001358,2802420,1681452,840726,11209682
103003,WS,0.0001784,45499,27299,13650,181997
103016,WS,0.0001393,521717,313030,156515,2086868
103029,WS,0.0003966,601093,360656,180328,2404370
103042,FL,0.0004847,562680,337608,168804,2250722
103055,EQ,0.0005676,1042994,625796,312898,4171976
103068,SCS,0.0001134,511590,306954,153477,2046359
103081,WF,0.0007243,147516,88510,44255,590065
103094,WS,0.0012250,317992,190795,95398,1271970
103107,WS,0.0006667,1292477,775486,387743,5169909
103120,WS,0.0007205,585201,351121,175560,2340805
103133,FL,0.0002542,247235,148341,74171,988940
103146,EQ,0.0079417,354177,212506,106253,1416709
103159,SCS,0.0003556,10046027,6027616,3013808,40184107
103172,WF,0.0004239,1614141,968485,484242,6456564
103185,WS,0.0002882,103525,62115,31057,414099
103198,WS,0.0022397,804281,482569,241284,3217124
103211,WS,0.0000339,1216876,730126,365063,4867504
103224,FL,0.0010760,1989451,1193671,596835,7957804
103237,EQ,0.0006678,604045,362427,181214,2416182
103250,SCS,0.0004650,1325187,795112,397556,5300746
103263,WF,0.0000769,178783,107270,53635,715134
103276,WS,0.0004653,115999,69599,34800,463995
103289,WS,0.0002821,282466,169479,84740,1129863
103302,WS,0.0005247,259197,155518,77759,1036787
103315,FL,0.0000470,215075,129045,64522,860299
103328,EQ,0.0001364,947850,568710,284355,3791400
103341,SCS,0.0000948,163659,98195,49098,654636
103354,WF,0.0005423,936119,561671,280836,3744477
103367,WS,0.0001057,604909,362945,181473,2419635
103380,WS,0.0013173,38955,23373,11686,155818
103393,WS,0.0037108,551138,330683,165341,2204552
103406,FL,0.0056623,907783,544670,272335,3631133
103419,EQ,0.0003170,864493,518696,259348,3457971
103432,SCS,0.0001185,471926,283155,141578,1887702
103445,WF,0.0009959,847168,508301,254151,3388674
103458,WS,0.0001408,673356,404013,202007,2693423
103471,WS,0.0002459,2161414,1296849,648424,8645657
103484,WS,0.0001047,238144,142887,71443,952577
103497,FL,0.0010905,499580,299748,149874,1998322
103510,EQ,0.0007112,139342,83605,41802,557367
103523,SCS,0.0003914,23026,13816,6908,92105
103536,WF,0.0002363,513482,308089,154045,2053927
103549,WS,0.0004721,198501,119101,59550,794005
103562,WS,0.0006100,128633,77180,38590,514531
103575,WS,0.0002772,2292330,1375398,687699,9169321
103588,FL,0.0023745,583441,350065,175032,2333766
103601,EQ,0.0033512,958601,575161,287580,3834404
103614,SCS,0.0001683,356960,214176,107088,1427839
103627,WF,0.0018041,164184,98510,49255,656735
103640,WS,0.0055159,908112,544867,272434,3632449
103653,WS,0.0009368,131226,78736,39368,524903
103666,WS,0.0007698,625119,375072,187536,2500477
103679,FL,0.0011017,935810,561486,280743,3743240
103692,EQ,0.0004084,903861,542317,271158,3615444
103705,SCS,0.0005137,3103107,1861864,930932,12412428
103718,WF,0.0007125,716990,430194,215097,2867960
103731,WS,0.0003737,549211,329526,164763,2196842
103744,WS,0.0005254,711187,426712,213356,2844748
103757,WS,0.0001557,6245579,3747348,1873674,24982318
103770,FL,0.0003285,149818,89891,44945,599271
103783,EQ,0.0009518,702737,421642,210821,2810950
103796,SCS,0.0001774,1578492,947095,473548,6313970
103809,WF,0.0008064,112997,67798,33899,451987
103822,WS,0.0005494,1097737,658642,329321,4390947
103835,WS,0.0005340,110705,66423,33212,442821
103848,WS,0.0016130,84528,50717,25358,338112
103861,FL,0.0009044,386131,231679,115839,1544526
103874,EQ,0.0007830,1977972,1186783,593392,7911888
103887,SCS,0.0008335,1838424,1103054,551527,7353696
103900,WF,0.0000393,2347852,1408711,704356,9391408
103913,WS,0.0001020,5619811,3371887,1685943,22479245
103926,WS,0.0001461,296494,177897,88948,1185977
103939,WS,0.0013097,1786444,1071867,535933,7145777
103952,FL,0.0001090,834852,500911,250456,3339409
103965,EQ,0.0003732,882817,529690,264845,3531268
103978,SCS,0.0002635,54613,32768,16384,218451
103991,WF,0.0003704,2945039,1767023,883512,11780156
104004,WS,0.0003156,2869157,1721494,860747,11476628
104017,WS,0.0003381,57598,34559,17279,230392
104030,WS,0.0005774,1236237,741742,370871,4944947
104043,FL,0.0018393,850844,510507,255253,3403377
104056,EQ,0.0007841,692906,415743,207872,2771622
104069,SCS,0.0001194,235433,141260,70630,941731
104082,WF,0.0004374,191597,114958,57479,766388
104095,WS,0.0002688,42078,25247,12623,168312
104108,WS,0.0007317,787705,472623,236311,3150819
104121,WS,0.0003894,64374,38624,19312,257496
104134,FL,0.0003701,155452,93271,46636,621809
104147,EQ,0.0007592,230629,138377,69189,922514
104160,SCS,0.0019913,415326,249196,124598,1661304
104173,WF,0.0005582,2602492,1561495,780748,10409968
104186,WS,0.0028747,464867,278920,139460,1859468
104199,WS,0.0002836,1115110,669066,334533,4460440
104212,WS,0.0014209,1063579,638147,319074,4254315
104225,FL,0.0000309,5310139,3186083,1593042,21240554
104238,EQ,0.0001402,352198,211319,105659,1408790
104251,SCS,0.0000591,116199,69719,34860,464796
104264,WF,0.0000576,2073446,1244068,622034,8293784
104277,WS,0.0003338,810044,486027,243013,3240177
104290,WS,0.0007195,2263213,1357928,678964,9052851
104303,WS,0.0010532,795873,477524,238762,3183493
104316,FL,0.0006506,183601,110161,55080,734404
104329,EQ,0.0000903,7112756,4267654,2133827,28451025
104342,SCS,0.0005385,538427,323056,161528,2153709
104355,WF,0.0020435,124717,74830,37415,498870
104368,WS,0.0003637,97848,58709,29354,391392
104381,WS,0.0001053,6342695,3805617,1902809,25370782
104394,WS,0.0008041,214706,128823,64412,858823
104407,FL,0.0002368,147515,88509,44255,590060
104420,EQ,0.0007346,4163066,2497840,1248920,16652264
104433,SCS,0.0002523,1614922,968953,484477,6459689
104446,WF,0.0001402,109866,65920,32960,439466
104459,WS,0.0003617,1818904,1091342,545671,7275614
104472,WS,0.0003002,480380,288228,144114,1921521
104485,WS,0.0003072,163476,98086,49043,653904
104498,FL,0.0020366,847741,508644,254322,3390962
104511,EQ,0.0071537,96332,57799,28899,385326
104524,SCS,0.0001592,1424703,854822,427411,5698812
104537,WF,0.0011354,15893625,9536175,4768087,63574498
104550,WS,0.0001332,142952,85771,42886,571807
104563,WS,0.0001663,38532,23119,11559,154126
104576,WS,0.0001221,1115711,669427,334713,4462846
104589,FL,0.0005121,1361969,817181,408591,5447876
104602,EQ,0.0001074,325273,195164,97582,1301091
104615,SCS,0.0015812,619639,371784,185892,2478558
104628,WF,0.0001375,3215093,1929056,964528,12860371
104641,WS,0.0002038,296597,177958,88979,1186387
104654,WS,0.0006352,1434674,860804,430402,5738696
104667,WS,0.0011888,13298237,7978942,3989471,53192948
104680,FL,0.0005038,120173,72104,36052,480693
104693,EQ,0.0006083,70179,42107,21054,280714
104706,SCS,0.0002169,1383781,830268,415134,5535123
104719,WF,0.0016182,163494,98097,49048,653977
104732,WS,0.0006149,22016,13210,6605,88065
104745,WS,0.0011489,1232917,739750,369875,4931670
104758,WS,0.0002258,2762825,1657695,828847,11051299
104771,FL,0.0013403,778549,467130,233565,3114198
104784,EQ,0.0003378,1416710,850026,425013,5666841
104797,SCS,0.0000865,4093606,2456163,1228082,16374422
104810,WF,0.0028020,3866569,2319941,1159971,15466276
104823,WS,0.0016298,1091896,655137,327569,4367583
104836,WS,0.0000946,100379,60227,30114,401514
104849,WS,0.0005136,341037,204622,102311,1364147
104862,FL,0.0004849,839983,503990,251995,3359934
104875,EQ,0.0000845,4253146,2551888,1275944,17012586
104888,SCS,0.0019502,84541,50725,25362,338166
104901,WF,0.0002089,1083987,650392,325196,4335947
104914,WS,0.0006897,217034,130220,65110,868134
104927,WS,0.0016538,2778445,1667067,833534,11113780
104940,WS,0.0002182,203529,122117,61059,814114
104953,FL,0.0007326,240878,144527,72263,963512
104966,EQ,0.0002117,3417030,2050218,1025109,13668118
104979,SCS,0.0007620,114670,68802,34401,458682
104992,WF,0.0003105,980158,588095,294047,3920630
105005,WS,0.0012778,1665017,999010,499505,6660069
105018,WS,0.0064257,1430785,858471,429236,5723141
105031,WS,0.0005726,191291,114775,57387,765165
105044,FL,0.0003277,192310,115386,57693,769238
105057,EQ,0.0002296,1215640,729384,364692,4862561
105070,SCS,0.0027234,917208,550325,275162,3668831
105083,WF,0.0008644,256617,153970,76985,1026470
105096,WS,0.0005454,1084424,650655,325327,4337697
105109,WS,0.0010545,458293,274976,137488,1833171
105122,WS,0.0025070,95251,57151,28575,381004
105135,FL,0.0019822,353491,212095,106047,1413964
105148,EQ,0.0035888,1266135,759681,379840,5064538
105161,SCS,0.0014472,569082,341449,170725,2276329
105174,WF,0.0025407,2000448,1200269,600134,8001791
105187,WS,0.0025320,469987,281992,140996,1879947
105200,WS,0.0001198,3316456,1989874,994937,13265826
105213,WS,0.0008153,285945,171567,85784,1143780
105226,FL,0.0004210,212581,127549,63774,850326
105239,EQ,0.0005400,2496209,1497725,748863,9984837
105252,SCS,0.0006470,299598,179759,89879,1198390
105265,WF,0.0001782,1570343,942206,471103,6281373
105278,WS,0.0010798,1360726,816436,408218,5442906
105291,WS,0.0044867,1172212,703327,351664,4688849
105304,WS,0.0003119,475912,285547,142774,1903647
105317,FL,0.0004609,849605,509763,254881,3398420
105330,EQ,0.0005400,269751,161851,80925,1079006
105343,SCS,0.0002800,96585,57951,28976,386342
105356,WF,0.0001556,122620,73572,36786,490480
105369,WS,0.0001431,404809,242885,121443,1619236
105382,WS,0.0001253,391344,234807,117403,1565377
105395,WS,0.0003572,344924,206954,103477,1379695
105408,FL,0.0005659,32879,19727,9864,131515
105421,EQ,0.0006906,611547,366928,183464,2446190
105434,SCS,0.0001021,1383334,830000,415000,5533335
105447,WF,0.0005541,75178,45107,22553,300713
