PortNumber,AccNumber,LocNumber,LocName,StreetAddress,City,AreaCode,PostalCode,Latitude,Longitude,OccupancyCode,ConstructionCode,YearBuilt,NumberOfStoreys,BuildingTIV,OtherTIV,ContentsTIV,BITIV,LocCurrency
NSP,ABC-MFG,1,"Columbus Facility 1, Bldg 1",100 Industrial Pkwy,Columbus,OH,43219,39.99788,-82.93623,1150,5050,1974,2,17100000,0,5130000,2052000,USD
NSP,ABC-MFG,2,"Reno Facility 2, Bldg 2",111 Industrial Pkwy,Reno,NV,89502,39.53134,-119.76114,1050,5100,2009,1,15700000,0,4710000,1884000,USD
NSP,ABC-MFG,3,"Houston Facility 3, Bldg 1",122 Industrial Pkwy,Houston,TX,77029,29.7371,-95.24122,1100,5200,2003,3,11900000,0,3570000,1428000,USD
NSP,ABC-MFG,4,"Savannah Facility 4, Bldg 2",133 Industrial Pkwy,Savannah,GA,31408,32.06848,-81.16727,1150,5050,2017,3,12500000,0,3750000,1500000,USD
NSP,ABC-MFG,5,"Fresno Facility 5, Bldg 1",144 Industrial Pkwy,Fresno,CA,93725,36.66055,-119.77448,1050,5100,2019,2,2600000,0,780000,312000,USD
NSP,ABC-MFG,6,"Tampa Facility 6, Bldg 2",155 Industrial Pkwy,Tampa,FL,33619,27.9778,-82.33647,1100,5200,1976,2,18000000,0,5400000,2160000,USD
NSP,ABC-MFG,7,"Columbus Facility 7, Bldg 1",166 Industrial Pkwy,Columbus,OH,43219,39.96453,-82.87555,1150,5050,2008,1,12600000,0,3780000,1512000,USD
NSP,ABC-MFG,8,"Reno Facility 8, Bldg 2",177 Industrial Pkwy,Reno,NV,89502,39.46325,-119.81657,1050,5100,2005,2,18700000,0,5610000,2244000,USD
NSP,ABC-MFG,9,"Houston Facility 9, Bldg 1",188 Industrial Pkwy,Houston,TX,77029,29.88735,-95.20915,1100,5200,1971,3,12500000,0,3750000,1500000,USD
NSP,ABC-MFG,10,"Savannah Facility 10, Bldg 2",199 Industrial Pkwy,Savannah,GA,31408,32.12615,-81.15418,1150,5050,2013,3,12400000,0,3720000,1488000,USD
NSP,ABC-MFG,11,"Fresno Facility 11, Bldg 1",210 Industrial Pkwy,Fresno,CA,93725,36.66912,-119.74081,1050,5100,1987,3,18500000,0,5550000,2220000,USD
NSP,ABC-MFG,12,"Tampa Facility 12, Bldg 2",221 Industrial Pkwy,Tampa,FL,33619,27.92478,-82.30765,1100,5200,2005,2,19300000,0,5790000,2316000,USD
NSP,ABC-MFG,13,"Columbus Facility 13, Bldg 1",232 Industrial Pkwy,Columbus,OH,43219,39.97968,-82.85,1150,5050,1991,2,19100000,0,5730000,2292000,USD
NSP,ABC-MFG,14,"Reno Facility 14, Bldg 2",243 Industrial Pkwy,Reno,NV,89502,39.59634,-119.753,1050,5100,2002,1,13000000,0,3900000,1560000,USD
NSP,ABC-MFG,15,"Houston Facility 15, Bldg 1",254 Industrial Pkwy,Houston,TX,77029,29.85969,-95.29475,1100,5200,1973,3,13800000,0,4140000,1656000,USD
NSP,ABC-MFG,16,"Savannah Facility 16, Bldg 2",265 Industrial Pkwy,Savannah,GA,31408,32.14051,-81.15298,1150,5050,1999,3,18900000,0,5670000,2268000,USD
NSP,ABC-MFG,17,"Fresno Facility 17, Bldg 1",276 Industrial Pkwy,Fresno,CA,93725,36.62477,-119.68576,1050,5100,1979,1,13000000,0,3900000,1560000,USD
NSP,ABC-MFG,18,"Tampa Facility 18, Bldg 2",287 Industrial Pkwy,Tampa,FL,33619,27.9328,-82.48072,1100,5200,1976,2,18900000,0,5670000,2268000,USD
NSP,ABC-MFG,19,"Columbus Facility 19, Bldg 1",298 Industrial Pkwy,Columbus,OH,43219,39.98331,-82.84077,1150,5050,1998,2,5800000,0,1740000,696000,USD
NSP,ABC-MFG,20,"Reno Facility 20, Bldg 2",309 Industrial Pkwy,Reno,NV,89502,39.54344,-119.71664,1050,5100,1974,3,17400000,0,5220000,2088000,USD
NSP,ABC-MFG,21,"Houston Facility 21, Bldg 1",320 Industrial Pkwy,Houston,TX,77029,29.82664,-95.27815,1100,5200,1985,3,14800000,0,4440000,1776000,USD
NSP,ABC-MFG,22,"Savannah Facility 22, Bldg 2",331 Industrial Pkwy,Savannah,GA,31408,32.03185,-81.23769,1150,5050,1969,3,16200000,0,4860000,1944000,USD
NSP,ABC-MFG,23,"Fresno Facility 23, Bldg 1",342 Industrial Pkwy,Fresno,CA,93725,36.59997,-119.68827,1050,5100,1988,1,16200000,0,4860000,1944000,USD
NSP,ABC-MFG,24,"Tampa Facility 24, Bldg 2",353 Industrial Pkwy,Tampa,FL,33619,27.92781,-82.27902,1100,5200,2021,2,3700000,0,1110000,444000,USD
NSP,ABC-MFG,25,"Columbus Facility 25, Bldg 1",364 Industrial Pkwy,Columbus,OH,43219,39.87977,-82.97636,1150,5050,1996,3,6600000,0,1980000,792000,USD
NSP,ABC-MFG,26,"Reno Facility 26, Bldg 2",375 Industrial Pkwy,Reno,NV,89502,39.45523,-119.7393,1050,5100,1975,3,11500000,0,3450000,1380000,USD
NSP,ABC-MFG,27,"Houston Facility 27, Bldg 1",386 Industrial Pkwy,Houston,TX,77029,29.69537,-95.21214,1100,5200,2020,3,2900000,0,870000,348000,USD
NSP,ABC-MFG,28,"Savannah Facility 28, Bldg 2",397 Industrial Pkwy,Savannah,GA,31408,31.99664,-81.16611,1150,5050,2013,2,2000000,0,600000,240000,USD
NSP,ABC-MFG,29,"Fresno Facility 29, Bldg 1",408 Industrial Pkwy,Fresno,CA,93725,36.67785,-119.70431,1050,5100,1979,3,19500000,0,5850000,2340000,USD
NSP,ABC-MFG,30,"Tampa Facility 30, Bldg 2",419 Industrial Pkwy,Tampa,FL,33619,27.99157,-82.32545,1100,5200,1979,2,6700000,0,2010000,804000,USD
